muestra	119	136	223	275	295	interpretacion
232573624	T	A	G	G	A	Sin mutaciones relevantes
232589074	T	A	G	G	A	Sin mutaciones relevantes
232574725	T	A	G	G	A	Sin mutaciones relevantes
232589028	T	A	G	G	A	Sin mutaciones relevantes
232601023	N	N	N	N	N	Sin mutaciones relevantes
232574772	T	A	G	G	A	Sin mutaciones relevantes
232589392	T	A	G	G	A	Sin mutaciones relevantes
232574776	T	A	G	G	A	Sin mutaciones relevantes
232583685	T	A	G	G	A	Sin mutaciones relevantes
232589381	T	A	G	G	A	Sin mutaciones relevantes
232566243	T	A	G	G	A	Sin mutaciones relevantes
232574781	T	A	G	G	A	Sin mutaciones relevantes
232584004	T	A	G	G	A	Sin mutaciones relevantes
232589052	T	A	G	G	G	Sin mutaciones relevantes
232590862	T	A	G	G	A	Sin mutaciones relevantes
232574818	T	A	G	G	A	Sin mutaciones relevantes
232584350	T	A	G	G	A	Sin mutaciones relevantes
232589051	T	A	G	G	A	Sin mutaciones relevantes
232603661	T	A	G	G	A	Sin mutaciones relevantes
232566362	T	A	G	G	A	Sin mutaciones relevantes
232574957	T	A	G	G	A	Sin mutaciones relevantes
232581045	N	N	N	N	N	Sin mutaciones relevantes
232584616	T	A	G	G	A	Sin mutaciones relevantes
232589116	N	N	N	N	N	Sin mutaciones relevantes
232600003	T	A	G	G	A	Sin mutaciones relevantes
232574989	T	A	G	G	A	Sin mutaciones relevantes
232604711	T	A	G	G	A	Sin mutaciones relevantes
232575060	T	A	G	G	A	Sin mutaciones relevantes
232604880	T	A	G	G	A	Sin mutaciones relevantes
232575070	T	A	G	G	A	Sin mutaciones relevantes
232604909	T	A	G	G	A	Sin mutaciones relevantes
232575078	T	A	G	G	A	Sin mutaciones relevantes
232585263	T	A	G	G	A	Sin mutaciones relevantes
232568618	T	A	G	G	A	Sin mutaciones relevantes
232575083	T	A	G	G	A	Sin mutaciones relevantes
232585462	T	A	G	G	A	Sin mutaciones relevantes
232588702	T	A	G	G	A	Sin mutaciones relevantes
232600174	T	A	G	G	A	Sin mutaciones relevantes
232568804	T	A	G	G	A	Sin mutaciones relevantes
232575158	T	A	G	G	A	Sin mutaciones relevantes
232600200	T	A	G	G	A	Sin mutaciones relevantes
232606150	T	A	G	G	A	Sin mutaciones relevantes
232568932	T	A	G	G	A	Sin mutaciones relevantes
232575178	T	A	G	G	A	Sin mutaciones relevantes
232585968	T	A	G	G	A	Sin mutaciones relevantes
232600202	T	A	G	G	A	Sin mutaciones relevantes
232606453	T	A	G	G	A	Sin mutaciones relevantes
232569629	T	A	G	G	A	Sin mutaciones relevantes
232575181	T	A	G	G	A	Sin mutaciones relevantes
232584576	T	A	G	G	A	Sin mutaciones relevantes
232600309	T	A	G	G	A	Sin mutaciones relevantes
232606701	N	N	N	N	G	Sin mutaciones relevantes
025720637	T	A	G	G	A	Sin mutaciones relevantes
232575190	T	A	G	G	A	Sin mutaciones relevantes
232584596	T	A	G	G	A	Sin mutaciones relevantes
232606997	T	A	G	G	A	Sin mutaciones relevantes
232569760	T	A	G	G	A	Sin mutaciones relevantes
232575248	T	A	G	G	A	Sin mutaciones relevantes
232584604	T	A	G	G	A	Sin mutaciones relevantes
232586185	T	A	G	G	A	Sin mutaciones relevantes
232590175	T	A	G	G	A	Sin mutaciones relevantes
232569809	T	A	G	G	A	Sin mutaciones relevantes
232575270	T	A	G	G	A	Sin mutaciones relevantes
232586262	T	A	G	G	A	Sin mutaciones relevantes
232600461	T	A	G	G	A	Sin mutaciones relevantes
232607711	T	A	G	G	A	Sin mutaciones relevantes
232575280	N	N	N	N	N	Sin mutaciones relevantes
232586266	T	A	G	G	A	Sin mutaciones relevantes
232600524	T	A	G	G	A	Sin mutaciones relevantes
232607987	T	A	G	G	A	Sin mutaciones relevantes
232570240	T	A	G	G	A	Sin mutaciones relevantes
232575616	T	A	G	G	A	Sin mutaciones relevantes
232586347	T	A	G	G	A	Sin mutaciones relevantes
232590407	T	A	G	G	A	Sin mutaciones relevantes
232570440	T	A	G	G	A	Sin mutaciones relevantes
232575621	T	A	G	G	A	Sin mutaciones relevantes
232585254	T	A	G	G	A	Sin mutaciones relevantes
232586430	T	A	G	G	A	Sin mutaciones relevantes
232590591	T	A	G	G	A	Sin mutaciones relevantes
232608523	T	A	G	G	A	Sin mutaciones relevantes
232575641	T	A	G	G	A	Sin mutaciones relevantes
232571343	T	A	G	G	A	Sin mutaciones relevantes
232590630	T	A	G	G	A	Sin mutaciones relevantes
232612987	T	A	G	G	A	Sin mutaciones relevantes
232571430	T	A	G	G	A	Sin mutaciones relevantes
232575651	T	A	G	G	A	Sin mutaciones relevantes
232586597	T	A	G	G	A	Sin mutaciones relevantes
232600698	T	A	G	G	A	Sin mutaciones relevantes
232571889	T	A	G	G	A	Sin mutaciones relevantes
232575655	T	A	G	G	A	Sin mutaciones relevantes
232586892	T	A	G	G	A	Sin mutaciones relevantes
232590913	T	A	G	G	A	Sin mutaciones relevantes
232571922	T	A	G	G	A	Sin mutaciones relevantes
232585735	N	N	G	G	A	Sin mutaciones relevantes
232587060	T	A	G	G	A	Sin mutaciones relevantes
232612991	T	A	G	G	A	Sin mutaciones relevantes
232571978	N	N	G	G	A	Sin mutaciones relevantes
232587086	T	A	G	G	A	Sin mutaciones relevantes
232572106	N	N	N	N	N	Sin mutaciones relevantes
232575901	T	A	G	G	A	Sin mutaciones relevantes
232585825	N	N	G	G	A	Sin mutaciones relevantes
232600915	T	A	G	G	A	Sin mutaciones relevantes
