muestra	archivo	subtipo	segmento	header_original	longitud_total	N_total	primera_base_real	ultima_base_real	longitud_cubierta	cobertura_pct_aprox	N_internas	porcentaje_N_internas	calidad	utilizable
IonXpress_065_232573624	IonXpress_065_232573624.consensus.fasta	H1N1	HA	A_HA_H1	1752	70	18	1699	1682	93.44	0	0.0	Buena	Sí
IonXpress_065_232573624	IonXpress_065_232573624.consensus.fasta	H1N1	NA	A_NA_N1	1433	55	27	1404	1378	88.9	0	0.0	Aceptable	Sí
IonXpress_065_232580678	IonXpress_065_232580678.consensus.fasta	H1N1	HA	A_HA_H1	1752	1752			0	0	0	100	Excluir	No
IonXpress_065_232580678	IonXpress_065_232580678.consensus.fasta	H1N1	NA	A_NA_N1	1433	1433			0	0	0	100	Excluir	No
IonXpress_065_232589074	IonXpress_065_232589074.consensus.fasta	H1N1	HA	A_HA_H1	1752	109	57	1699	1643	91.28	0	0.0	Buena	Sí
IonXpress_065_232589074	IonXpress_065_232589074.consensus.fasta	H1N1	NA	A_NA_N1	1433	136	27	1401	1375	88.71	78	5.67	Dudosa	Sí
IonXpress_065_232600010	IonXpress_065_232600010.consensus.fasta	H3N2	HA	A_HA_H3	1718	336	207	1689	1483	82.39	101	6.81	Dudosa	Sí
IonXpress_065_232600010	IonXpress_065_232600010.consensus.fasta	H3N2	NA	A_NA_N2	1439	222	154	1385	1232	79.48	15	1.22	Dudosa	Sí
IonXpress_066_232565255	IonXpress_066_232565255.consensus.fasta	H3N2	HA	A_HA_H3	1718	1264	898	1369	472	26.22	18	3.81	Excluir	No
IonXpress_066_232565255	IonXpress_066_232565255.consensus.fasta	H3N2	NA	A_NA_N2	1439	1181	167	738	572	36.9	314	54.9	Excluir	No
IonXpress_066_232574725	IonXpress_066_232574725.consensus.fasta	H1N1	HA	A_HA_H1	1752	164	79	1689	1611	89.5	23	1.43	Aceptable	Sí
IonXpress_066_232574725	IonXpress_066_232574725.consensus.fasta	H1N1	NA	A_NA_N1	1433	60	29	1401	1373	88.58	0	0.0	Aceptable	Sí
IonXpress_066_232580679	IonXpress_066_232580679.consensus.fasta	H1N1	HA	A_HA_H1	1752	1725	874	900	27	1.5	0	0.0	Excluir	No
IonXpress_066_232580679	IonXpress_066_232580679.consensus.fasta	H1N1	NA	A_NA_N1	1433	1234	1014	1212	199	12.84	0	0.0	Excluir	No
IonXpress_066_232583599	IonXpress_066_232583599.consensus.fasta	H3N2	HA	A_HA_H3	1718	1180	822	1369	548	30.44	10	1.82	Excluir	No
IonXpress_066_232583599	IonXpress_066_232583599.consensus.fasta	H3N2	NA	A_NA_N2	1439	928	157	824	668	43.1	157	23.5	Excluir	No
IonXpress_066_232589028	IonXpress_066_232589028.consensus.fasta	H1N1	HA	A_HA_H1	1752	359	267	1688	1422	79.0	29	2.04	Dudosa	Sí
IonXpress_066_232589028	IonXpress_066_232589028.consensus.fasta	H1N1	NA	A_NA_N1	1433	196	39	1399	1361	87.81	124	9.11	Dudosa	Sí
IonXpress_066_232590665	IonXpress_066_232590665.consensus.fasta	H3N2	HA	A_HA_H3	1718	1264	898	1369	472	26.22	18	3.81	Excluir	No
IonXpress_066_232590665	IonXpress_066_232590665.consensus.fasta	H3N2	NA	A_NA_N2	1439	1181	167	738	572	36.9	314	54.9	Excluir	No
IonXpress_066_232601023	IonXpress_066_232601023.consensus.fasta	H1N1	HA	A_HA_H1	1753	837	338	1357	1020	56.67	104	10.2	Excluir	No
IonXpress_066_232601023	IonXpress_066_232601023.consensus.fasta	H1N1	NA	A_NA_N1	1433	436	312	1399	1088	70.19	91	8.36	Dudosa	Sí
IonXpress_067_232566158	IonXpress_067_232566158.consensus.fasta	H3N2	HA	A_HA_H3	1718	393	276	1689	1414	78.56	89	6.29	Dudosa	Sí
IonXpress_067_232566158	IonXpress_067_232566158.consensus.fasta	H3N2	NA	A_NA_N2	1439	117	48	1385	1338	86.32	16	1.2	Aceptable	Sí
IonXpress_067_232574772	IonXpress_067_232574772.consensus.fasta	H1N1	HA	A_HA_H1	1752	112	51	1690	1640	91.11	0	0.0	Buena	Sí
IonXpress_067_232574772	IonXpress_067_232574772.consensus.fasta	H1N1	NA	A_NA_N1	1433	51	21	1402	1382	89.16	0	0.0	Aceptable	Sí
IonXpress_067_232580680	IonXpress_067_232580680.consensus.fasta	H1N1	HA	A_HA_H1	1752	1684	757	899	143	7.94	75	52.45	Excluir	No
IonXpress_067_232580680	IonXpress_067_232580680.consensus.fasta	H1N1	NA	A_NA_N1	1433	1433			0	0	0	100	Excluir	No
IonXpress_067_232583600	IonXpress_067_232583600.consensus.fasta	H3N2	HA	A_HA_H3	1718	1247	886	1370	485	26.94	14	2.89	Excluir	No
IonXpress_067_232583600	IonXpress_067_232583600.consensus.fasta	H3N2	NA	A_NA_N2	1439	768	154	824	671	43.29	0	0.0	Excluir	No
IonXpress_067_232589392	IonXpress_067_232589392.consensus.fasta	H1N1	HA	A_HA_H1	1752	191	110	1694	1585	88.06	24	1.51	Aceptable	Sí
IonXpress_067_232589392	IonXpress_067_232589392.consensus.fasta	H1N1	NA	A_NA_N1	1433	153	29	1406	1378	88.9	98	7.11	Dudosa	Sí
IonXpress_067_232590680	IonXpress_067_232590680.consensus.fasta	H3N2	HA	A_HA_H3	1718	393	276	1689	1414	78.56	89	6.29	Dudosa	Sí
IonXpress_067_232590680	IonXpress_067_232590680.consensus.fasta	H3N2	NA	A_NA_N2	1439	117	48	1385	1338	86.32	16	1.2	Aceptable	Sí
IonXpress_068_232566230	IonXpress_068_232566230.consensus.fasta	H1N1	HA	A_HA_H1	1753	1083	405	1357	953	52.94	283	29.7	Excluir	No
IonXpress_068_232566230	IonXpress_068_232566230.consensus.fasta	H1N1	NA	A_NA_N1	1433	769	394	1220	827	53.35	163	19.71	Excluir	No
IonXpress_068_232574776	IonXpress_068_232574776.consensus.fasta	H1N1	HA	A_HA_H1	1752	97	35	1689	1655	91.94	0	0.0	Buena	Sí
IonXpress_068_232574776	IonXpress_068_232574776.consensus.fasta	H1N1	NA	A_NA_N1	1433	60	29	1401	1373	88.58	0	0.0	Aceptable	Sí
IonXpress_068_232582476	IonXpress_068_232582476.consensus.fasta	H1N1	HA	A_HA_H1	1752	1356	298	1043	746	41.44	350	46.92	Excluir	No
IonXpress_068_232582476	IonXpress_068_232582476.consensus.fasta	H1N1	NA	A_NA_N1	1433	830	458	1220	763	49.23	160	20.97	Excluir	No
IonXpress_068_232583685	IonXpress_068_232583685.consensus.fasta	H1N1	HA	A_HA_H1	1752	344	275	1689	1415	78.61	7	0.49	Dudosa	Sí
IonXpress_068_232583685	IonXpress_068_232583685.consensus.fasta	H1N1	NA	A_NA_N1	1433	158	29	1401	1373	88.58	98	7.14	Dudosa	Sí
IonXpress_068_232589381	IonXpress_068_232589381.consensus.fasta	H1N1	HA	A_HA_H1	1752	312	241	1688	1448	80.44	8	0.55	Aceptable	Sí
IonXpress_068_232589381	IonXpress_068_232589381.consensus.fasta	H1N1	NA	A_NA_N1	1433	180	39	1401	1363	87.94	110	8.07	Dudosa	Sí
IonXpress_068_232590701	IonXpress_068_232590701.consensus.fasta	H1N1	HA	A_HA_H1	1753	1083	405	1357	953	52.94	283	29.7	Excluir	No
IonXpress_068_232590701	IonXpress_068_232590701.consensus.fasta	H1N1	NA	A_NA_N1	1433	769	394	1220	827	53.35	163	19.71	Excluir	No
IonXpress_069_232566243	IonXpress_069_232566243.consensus.fasta	H1N1	HA	A_HA_H1	1752	131	54	1690	1637	90.94	16	0.98	Buena	Sí
IonXpress_069_232566243	IonXpress_069_232566243.consensus.fasta	H1N1	NA	A_NA_N1	1433	57	29	1404	1376	88.77	0	0.0	Aceptable	Sí
IonXpress_069_232574781	IonXpress_069_232574781.consensus.fasta	H1N1	HA	A_HA_H1	1752	258	176	1689	1514	84.11	20	1.32	Aceptable	Sí
IonXpress_069_232574781	IonXpress_069_232574781.consensus.fasta	H1N1	NA	A_NA_N1	1433	65	39	1406	1368	88.26	0	0.0	Aceptable	Sí
IonXpress_069_232582452	IonXpress_069_232582452.consensus.fasta	H1N1	HA	A_HA_H1	1752	1504	467	1320	854	47.44	606	70.96	Excluir	No
IonXpress_069_232582452	IonXpress_069_232582452.consensus.fasta	H1N1	NA	A_NA_N1	1433	1144	498	1220	723	46.65	434	60.03	Excluir	No
IonXpress_069_232584004	IonXpress_069_232584004.consensus.fasta	H1N1	HA	A_HA_H1	1751	289	226	1687	1462	81.22	0	0.0	Aceptable	Sí
IonXpress_069_232584004	IonXpress_069_232584004.consensus.fasta	H1N1	NA	A_NA_N1	1433	72	39	1399	1361	87.81	0	0.0	Aceptable	Sí
IonXpress_069_232589052	IonXpress_069_232589052.consensus.fasta	H1N1	HA	A_HA_H1	1752	979	23	1356	1334	74.11	561	42.05	Excluir	No
IonXpress_069_232589052	IonXpress_069_232589052.consensus.fasta	H1N1	NA	A_NA_N1	1433	269	39	1315	1277	82.39	113	8.85	Dudosa	Sí
IonXpress_069_232590862	IonXpress_069_232590862.consensus.fasta	H1N1	HA	A_HA_H1	1752	131	54	1690	1637	90.94	16	0.98	Buena	Sí
IonXpress_069_232590862	IonXpress_069_232590862.consensus.fasta	H1N1	NA	A_NA_N1	1433	57	29	1404	1376	88.77	0	0.0	Aceptable	Sí
IonXpress_069_232602544	IonXpress_069_232602544.consensus.fasta	H3N2	HA	A_HA_H3	1718	149	103	1689	1587	88.17	18	1.13	Aceptable	Sí
IonXpress_069_232602544	IonXpress_069_232602544.consensus.fasta	H3N2	NA	A_NA_N2	1439	114	48	1385	1338	86.32	13	0.97	Aceptable	Sí
IonXpress_070_232566246	IonXpress_070_232566246.consensus.fasta	H3N2	HA	A_HA_H3	1718	806	231	1677	1447	80.39	535	36.97	Excluir	No
IonXpress_070_232566246	IonXpress_070_232566246.consensus.fasta	H3N2	NA	A_NA_N2	1439	955	167	813	647	41.74	163	25.19	Excluir	No
IonXpress_070_232574818	IonXpress_070_232574818.consensus.fasta	H1N1	HA	A_HA_H1	1752	114	35	1690	1656	92.0	18	1.09	Aceptable	Sí
IonXpress_070_232574818	IonXpress_070_232574818.consensus.fasta	H1N1	NA	A_NA_N1	1433	57	27	1402	1376	88.77	0	0.0	Aceptable	Sí
IonXpress_070_232581031	IonXpress_070_232581031.consensus.fasta	H1N1	HA	A_HA_H1	1752	1302	363	1006	644	35.78	194	30.12	Excluir	No
IonXpress_070_232581031	IonXpress_070_232581031.consensus.fasta	H1N1	NA	A_NA_N1	1433	875	470	1220	751	48.45	193	25.7	Excluir	No
IonXpress_070_232584350	IonXpress_070_232584350.consensus.fasta	H1N1	HA	A_HA_H1	1752	101	39	1694	1656	92.0	5	0.3	Buena	Sí
IonXpress_070_232584350	IonXpress_070_232584350.consensus.fasta	H1N1	NA	A_NA_N1	1433	39	13	1406	1394	89.94	0	0.0	Aceptable	Sí
IonXpress_070_232589051	IonXpress_070_232589051.consensus.fasta	H1N1	HA	A_HA_H1	1753	497	23	1689	1667	92.61	411	24.66	Excluir	No
IonXpress_070_232589051	IonXpress_070_232589051.consensus.fasta	H1N1	NA	A_NA_N1	1433	72	39	1399	1361	87.81	0	0.0	Aceptable	Sí
IonXpress_070_232590971	IonXpress_070_232590971.consensus.fasta	H3N2	HA	A_HA_H3	1718	806	231	1677	1447	80.39	535	36.97	Excluir	No
IonXpress_070_232590971	IonXpress_070_232590971.consensus.fasta	H3N2	NA	A_NA_N2	1439	955	167	813	647	41.74	163	25.19	Excluir	No
IonXpress_070_232603661	IonXpress_070_232603661.consensus.fasta	H1N1	HA	A_HA_H1	1752	87	35	1699	1665	92.5	0	0.0	Buena	Sí
IonXpress_070_232603661	IonXpress_070_232603661.consensus.fasta	H1N1	NA	A_NA_N1	1433	155	29	1402	1374	88.65	96	6.99	Dudosa	Sí
IonXpress_071_232566362	IonXpress_071_232566362.consensus.fasta	H1N1	HA	A_HA_H1	1752	206	143	1694	1552	86.22	6	0.39	Aceptable	Sí
IonXpress_071_232566362	IonXpress_071_232566362.consensus.fasta	H1N1	NA	A_NA_N1	1433	70	39	1401	1363	87.94	0	0.0	Aceptable	Sí
IonXpress_071_232574957	IonXpress_071_232574957.consensus.fasta	H1N1	HA	A_HA_H1	1752	161	94	1689	1596	88.67	5	0.31	Aceptable	Sí
IonXpress_071_232574957	IonXpress_071_232574957.consensus.fasta	H1N1	NA	A_NA_N1	1433	69	39	1402	1364	88.0	0	0.0	Aceptable	Sí
IonXpress_071_232581045	IonXpress_071_232581045.consensus.fasta	H1N1	HA	A_HA_H1	1752	840	405	1688	1284	71.33	372	28.97	Excluir	No
IonXpress_071_232581045	IonXpress_071_232581045.consensus.fasta	H1N1	NA	A_NA_N1	1433	455	408	1399	992	64.0	14	1.41	Dudosa	Sí
IonXpress_071_232584616	IonXpress_071_232584616.consensus.fasta	H1N1	HA	A_HA_H1	1752	350	283	1688	1406	78.11	4	0.28	Dudosa	Sí
IonXpress_071_232584616	IonXpress_071_232584616.consensus.fasta	H1N1	NA	A_NA_N1	1433	72	39	1399	1361	87.81	0	0.0	Aceptable	Sí
IonXpress_071_232589116	IonXpress_071_232589116.consensus.fasta	H1N1	HA	A_HA_H1	1752	345	282	1688	1407	78.17	0	0.0	Dudosa	Sí
IonXpress_071_232589116	IonXpress_071_232589116.consensus.fasta	H1N1	NA	A_NA_N1	1433	344	312	1400	1089	70.26	0	0.0	Dudosa	Sí
IonXpress_071_232600003	IonXpress_071_232600003.consensus.fasta	H1N1	HA	A_HA_H1	1752	206	143	1694	1552	86.22	6	0.39	Aceptable	Sí
IonXpress_071_232600003	IonXpress_071_232600003.consensus.fasta	H1N1	NA	A_NA_N1	1433	70	39	1401	1363	87.94	0	0.0	Aceptable	Sí
IonXpress_071_232603931	IonXpress_071_232603931.consensus.fasta	H3N2	HA	A_HA_H3	1718	231	32	1677	1646	91.44	159	9.66	Dudosa	Sí
IonXpress_071_232603931	IonXpress_071_232603931.consensus.fasta	H3N2	NA	A_NA_N2	1439	215	154	1377	1224	78.97	0	0.0	Dudosa	Sí
IonXpress_072_232566363	IonXpress_072_232566363.consensus.fasta	H3N2	HA	A_HA_H3	1718	25	2	1694	1693	94.06	0	0.0	Buena	Sí
IonXpress_072_232566363	IonXpress_072_232566363.consensus.fasta	H3N2	NA	A_NA_N2	1439	80	31	1389	1359	87.68	0	0.0	Aceptable	Sí
IonXpress_072_232574989	IonXpress_072_232574989.consensus.fasta	H1N1	HA	A_HA_H1	1752	114	35	1690	1656	92.0	18	1.09	Aceptable	Sí
IonXpress_072_232574989	IonXpress_072_232574989.consensus.fasta	H1N1	NA	A_NA_N1	1433	60	29	1401	1373	88.58	0	0.0	Aceptable	Sí
IonXpress_072_232581089	IonXpress_072_232581089.consensus.fasta	H3N2	HA	A_HA_H3	1719	896	280	1690	1411	78.39	588	41.67	Excluir	No
IonXpress_072_232581089	IonXpress_072_232581089.consensus.fasta	H3N2	NA	A_NA_N2	1440	909	130	1051	922	59.48	391	42.41	Excluir	No
IonXpress_072_232589061	IonXpress_072_232589061.consensus.fasta	H1N1	HA	A_HA_H1	1751	742	283	1355	1073	59.61	64	5.96	Excluir	No
IonXpress_072_232589061	IonXpress_072_232589061.consensus.fasta	H1N1	NA	A_NA_N1	1435	852	531	1222	692	44.65	109	15.75	Excluir	No
IonXpress_072_232600071	IonXpress_072_232600071.consensus.fasta	H3N2	HA	A_HA_H3	1718	25	2	1694	1693	94.06	0	0.0	Buena	Sí
IonXpress_072_232600071	IonXpress_072_232600071.consensus.fasta	H3N2	NA	A_NA_N2	1439	80	31	1389	1359	87.68	0	0.0	Aceptable	Sí
IonXpress_072_232604711	IonXpress_072_232604711.consensus.fasta	H1N1	HA	A_HA_H1	1752	223	166	1699	1534	85.22	5	0.33	Aceptable	Sí
IonXpress_072_232604711	IonXpress_072_232604711.consensus.fasta	H1N1	NA	A_NA_N1	1433	153	27	1401	1375	88.71	95	6.91	Dudosa	Sí
IonXpress_073_232566365	IonXpress_073_232566365.consensus.fasta	H3N2	HA	A_HA_H3	1718	204	34	1677	1644	91.33	130	7.91	Dudosa	Sí
IonXpress_073_232566365	IonXpress_073_232566365.consensus.fasta	H3N2	NA	A_NA_N2	1439	119	48	1378	1331	85.87	11	0.83	Aceptable	Sí
IonXpress_073_232575054	IonXpress_073_232575054.consensus.fasta	H1N1	HA	A_HA_H1	1752	778	23	1688	1666	92.56	692	41.54	Excluir	No
IonXpress_073_232575054	IonXpress_073_232575054.consensus.fasta	H3N2	NA	A_NA_N2	1439	669	167	1225	1059	68.32	289	27.29	Excluir	No
IonXpress_073_232584993	IonXpress_073_232584993.consensus.fasta	H3N2	HA	A_HA_H3	1718	1140	207	1369	1163	64.61	585	50.3	Excluir	No
IonXpress_073_232584993	IonXpress_073_232584993.consensus.fasta	H1N1	NA	A_NA_N1	1433	824	298	1315	1018	65.68	409	40.18	Excluir	No
IonXpress_073_232589003	IonXpress_073_232589003.consensus.fasta	H1N1	HA	A_HA_H1	1752	1179	23	1356	1334	74.11	761	57.05	Excluir	No
IonXpress_073_232589003	IonXpress_073_232589003.consensus.fasta	H1N1	NA	A_NA_N1	1433	1195	583	1315	733	47.29	495	67.53	Excluir	No
IonXpress_073_232600083	IonXpress_073_232600083.consensus.fasta	H3N2	HA	A_HA_H3	1718	204	34	1677	1644	91.33	130	7.91	Dudosa	Sí
IonXpress_073_232600083	IonXpress_073_232600083.consensus.fasta	H3N2	NA	A_NA_N2	1439	119	48	1378	1331	85.87	11	0.83	Aceptable	Sí
IonXpress_073_232604737	IonXpress_073_232604737.consensus.fasta	H3N2	HA	A_HA_H3	1718	19	2	1700	1699	94.39	0	0.0	Buena	Sí
IonXpress_073_232604737	IonXpress_073_232604737.consensus.fasta	H3N2	NA	A_NA_N2	1440	87	37	1389	1353	87.29	0	0.0	Aceptable	Sí
IonXpress_074_232566520	IonXpress_074_232566520.consensus.fasta	H3N2	HA	A_HA_H3	1718	154	40	1689	1650	91.67	86	5.21	Dudosa	Sí
IonXpress_074_232566520	IonXpress_074_232566520.consensus.fasta	H3N2	NA	A_NA_N2	1439	103	47	1388	1342	86.58	6	0.45	Aceptable	Sí
IonXpress_074_232575060	IonXpress_074_232575060.consensus.fasta	H1N1	HA	A_HA_H1	1752	92	33	1692	1660	92.22	0	0.0	Buena	Sí
IonXpress_074_232575060	IonXpress_074_232575060.consensus.fasta	H1N1	NA	A_NA_N1	1433	60	29	1401	1373	88.58	0	0.0	Aceptable	Sí
IonXpress_074_232581264	IonXpress_074_232581264.consensus.fasta	H3N2	HA	A_HA_H3	1718	1275	166	1285	1120	62.22	677	60.45	Excluir	No
IonXpress_074_232581264	IonXpress_074_232581264.consensus.fasta	H3N2	NA	A_NA_N2	1440	827	167	1378	1212	78.19	599	49.42	Excluir	No
IonXpress_074_232585043	IonXpress_074_232585043.consensus.fasta	H1N1	HA	A_HA_H1	1752	1247	405	1356	952	52.89	447	46.95	Excluir	No
IonXpress_074_232585043	IonXpress_074_232585043.consensus.fasta	H1N1	NA	A_NA_N1	1433	901	39	1220	1182	76.26	650	54.99	Excluir	No
IonXpress_074_232589030	IonXpress_074_232589030.consensus.fasta	H3N2	HA	A_HA_H3	1718	1222	166	1369	1204	66.89	708	58.8	Excluir	No
IonXpress_074_232589030	IonXpress_074_232589030.consensus.fasta	H3N2	NA	A_NA_N2	1449	572	167	1394	1228	79.23	351	28.58	Excluir	No
IonXpress_074_232600103	IonXpress_074_232600103.consensus.fasta	H3N2	HA	A_HA_H3	1718	154	40	1689	1650	91.67	86	5.21	Dudosa	Sí
IonXpress_074_232600103	IonXpress_074_232600103.consensus.fasta	H3N2	NA	A_NA_N2	1439	103	47	1388	1342	86.58	6	0.45	Aceptable	Sí
IonXpress_074_232604880	IonXpress_074_232604880.consensus.fasta	H1N1	HA	A_HA_H1	1752	582	352	1688	1337	74.28	167	12.49	Dudosa	Sí
IonXpress_074_232604880	IonXpress_074_232604880.consensus.fasta	H1N1	NA	A_NA_N1	1433	200	39	1399	1361	87.81	128	9.4	Dudosa	Sí
IonXpress_075_232566527	IonXpress_075_232566527.consensus.fasta	H3N2	HA	A_HA_H3	1718	130	18	1689	1672	92.89	84	5.02	Dudosa	Sí
IonXpress_075_232566527	IonXpress_075_232566527.consensus.fasta	H3N2	NA	A_NA_N2	1439	107	48	1388	1341	86.52	9	0.67	Aceptable	Sí
IonXpress_075_232575070	IonXpress_075_232575070.consensus.fasta	H1N1	HA	A_HA_H1	1752	222	159	1688	1530	85.0	0	0.0	Aceptable	Sí
IonXpress_075_232575070	IonXpress_075_232575070.consensus.fasta	H1N1	NA	A_NA_N1	1433	72	39	1399	1361	87.81	0	0.0	Aceptable	Sí
IonXpress_075_232581369	IonXpress_075_232581369.consensus.fasta	H3N2	HA	A_HA_H3	1718	1127	151	1300	1150	63.89	559	48.61	Excluir	No
IonXpress_075_232581369	IonXpress_075_232581369.consensus.fasta	H3N2	NA	A_NA_N2	1439	727	167	1377	1211	78.13	499	41.21	Excluir	No
IonXpress_075_232585062	IonXpress_075_232585062.consensus.fasta	H1N1	HA	A_HA_H1	1752	1083	283	1356	1074	59.67	405	37.71	Excluir	No
IonXpress_075_232585062	IonXpress_075_232585062.consensus.fasta	H1N1	NA	A_NA_N1	1433	905	499	1315	817	52.71	289	35.37	Excluir	No
IonXpress_075_232588718	IonXpress_075_232588718.consensus.fasta	H3N2	HA	A_HA_H3	1718	146	33	1689	1657	92.06	85	5.13	Dudosa	Sí
IonXpress_075_232588718	IonXpress_075_232588718.consensus.fasta	H3N2	NA	A_NA_N2	1440	86	37	1390	1354	87.35	0	0.0	Aceptable	Sí
IonXpress_075_232600145	IonXpress_075_232600145.consensus.fasta	H3N2	HA	A_HA_H3	1718	130	18	1689	1672	92.89	84	5.02	Dudosa	Sí
IonXpress_075_232600145	IonXpress_075_232600145.consensus.fasta	H3N2	NA	A_NA_N2	1439	107	48	1388	1341	86.52	9	0.67	Aceptable	Sí
IonXpress_075_232604909	IonXpress_075_232604909.consensus.fasta	H1N1	HA	A_HA_H1	1752	152	88	1699	1612	89.56	12	0.74	Aceptable	Sí
IonXpress_075_232604909	IonXpress_075_232604909.consensus.fasta	H1N1	NA	A_NA_N1	1433	155	27	1402	1376	88.77	98	7.12	Dudosa	Sí
IonXpress_076_232568611	IonXpress_076_232568611.consensus.fasta	H3N2	HA	A_HA_H3	1718	169	38	1689	1652	91.78	103	6.23	Dudosa	Sí
IonXpress_076_232568611	IonXpress_076_232568611.consensus.fasta	H3N2	NA	A_NA_N2	1439	116	48	1383	1336	86.19	13	0.97	Aceptable	Sí
IonXpress_076_232575078	IonXpress_076_232575078.consensus.fasta	H1N1	HA	A_HA_H1	1752	323	249	1688	1440	80.0	11	0.76	Aceptable	Sí
IonXpress_076_232575078	IonXpress_076_232575078.consensus.fasta	H1N1	NA	A_NA_N1	1433	72	39	1399	1361	87.81	0	0.0	Aceptable	Sí
IonXpress_076_232581370	IonXpress_076_232581370.consensus.fasta	H1N1	HA	A_HA_H1	1752	882	235	1688	1454	80.78	584	40.17	Excluir	No
IonXpress_076_232581370	IonXpress_076_232581370.consensus.fasta	H1N1	NA	A_NA_N1	1433	637	298	1221	924	59.61	128	13.85	Excluir	No
IonXpress_076_232585263	IonXpress_076_232585263.consensus.fasta	H1N1	HA	A_HA_H1	1752	278	195	1688	1494	83.0	20	1.34	Aceptable	Sí
IonXpress_076_232585263	IonXpress_076_232585263.consensus.fasta	H1N1	NA	A_NA_N1	1433	177	38	1401	1364	88.0	108	7.92	Dudosa	Sí
IonXpress_076_232588675	IonXpress_076_232588675.consensus.fasta	H1N1	HA	A_HA_H1	1752	1029	23	1356	1334	74.11	611	45.8	Excluir	No
IonXpress_076_232588675	IonXpress_076_232588675.consensus.fasta	H1N1	NA	A_NA_N1	1433	1113	552	1220	669	43.16	349	52.17	Excluir	No
IonXpress_076_232600149	IonXpress_076_232600149.consensus.fasta	H3N2	HA	A_HA_H3	1718	169	38	1689	1652	91.78	103	6.23	Dudosa	Sí
IonXpress_076_232600149	IonXpress_076_232600149.consensus.fasta	H3N2	NA	A_NA_N2	1439	116	48	1383	1336	86.19	13	0.97	Aceptable	Sí
IonXpress_076_232605391	IonXpress_076_232605391.consensus.fasta	H3N2	HA	A_HA_H3	1718	162	41	1689	1649	91.61	93	5.64	Dudosa	Sí
IonXpress_076_232605391	IonXpress_076_232605391.consensus.fasta	H3N2	NA	A_NA_N2	1440	116	48	1386	1339	86.39	15	1.12	Aceptable	Sí
IonXpress_077_232568618	IonXpress_077_232568618.consensus.fasta	H1N1	HA	A_HA_H1	1752	82	35	1720	1686	93.67	16	0.95	Buena	Sí
IonXpress_077_232568618	IonXpress_077_232568618.consensus.fasta	H1N1	NA	A_NA_N1	1433	57	29	1404	1376	88.77	0	0.0	Aceptable	Sí
IonXpress_077_232575083	IonXpress_077_232575083.consensus.fasta	H1N1	HA	A_HA_H1	1752	112	51	1690	1640	91.11	0	0.0	Buena	Sí
IonXpress_077_232575083	IonXpress_077_232575083.consensus.fasta	H1N1	NA	A_NA_N1	1433	69	39	1402	1364	88.0	0	0.0	Aceptable	Sí
IonXpress_077_232581382	IonXpress_077_232581382.consensus.fasta	H1N1	HA	A_HA_H1	1752	1210	341	1042	702	39.0	160	22.79	Excluir	No
IonXpress_077_232581382	IonXpress_077_232581382.consensus.fasta	H1N1	NA	A_NA_N1	1433	804	394	1221	828	53.42	199	24.03	Excluir	No
IonXpress_077_232585462	IonXpress_077_232585462.consensus.fasta	H3N2	HA	A_HA_H3	1718	266	151	1689	1539	85.5	87	5.65	Dudosa	Sí
IonXpress_077_232585462	IonXpress_077_232585462.consensus.fasta	H1N1	NA	A_NA_N1	1433	156	29	1403	1375	88.71	98	7.13	Dudosa	Sí
IonXpress_077_232588702	IonXpress_077_232588702.consensus.fasta	H1N1	HA	A_HA_H1	1752	178	126	1699	1574	87.44	0	0.0	Aceptable	Sí
IonXpress_077_232588702	IonXpress_077_232588702.consensus.fasta	H1N1	NA	A_NA_N1	1433	153	27	1402	1376	88.77	96	6.98	Dudosa	Sí
IonXpress_077_232600174	IonXpress_077_232600174.consensus.fasta	H1N1	HA	A_HA_H1	1752	82	35	1720	1686	93.67	16	0.95	Buena	Sí
IonXpress_077_232600174	IonXpress_077_232600174.consensus.fasta	H1N1	NA	A_NA_N1	1433	57	29	1404	1376	88.77	0	0.0	Aceptable	Sí
IonXpress_077_232605418	IonXpress_077_232605418.consensus.fasta	H3N2	HA	A_HA_H3	1718	28	2	1691	1690	93.89	0	0.0	Buena	Sí
IonXpress_077_232605418	IonXpress_077_232605418.consensus.fasta	H3N2	NA	A_NA_N2	1439	79	29	1388	1360	87.74	0	0.0	Aceptable	Sí
IonXpress_078_232568804	IonXpress_078_232568804.consensus.fasta	H1N1	HA	A_HA_H1	1752	127	54	1690	1637	90.94	12	0.73	Buena	Sí
IonXpress_078_232568804	IonXpress_078_232568804.consensus.fasta	H1N1	NA	A_NA_N1	1433	60	29	1401	1373	88.58	0	0.0	Aceptable	Sí
IonXpress_078_232575158	IonXpress_078_232575158.consensus.fasta	H1N1	HA	A_HA_H1	1752	114	35	1690	1656	92.0	18	1.09	Aceptable	Sí
IonXpress_078_232575158	IonXpress_078_232575158.consensus.fasta	H1N1	NA	A_NA_N1	1433	60	29	1401	1373	88.58	0	0.0	Aceptable	Sí
IonXpress_078_232581500	IonXpress_078_232581500.consensus.fasta	H1N1	HA	A_HA_H1	1752	1725	874	900	27	1.5	0	0.0	Excluir	No
IonXpress_078_232581500	IonXpress_078_232581500.consensus.fasta	H1N1	NA	A_NA_N1	1433	1433			0	0	0	100	Excluir	No
IonXpress_078_232585903	IonXpress_078_232585903.consensus.fasta	H3N2	HA	A_HA_H3	1718	135	17	1689	1673	92.94	90	5.38	Dudosa	Sí
IonXpress_078_232585903	IonXpress_078_232585903.consensus.fasta	H3N2	NA	A_NA_N2	1440	109	48	1386	1339	86.39	8	0.6	Aceptable	Sí
IonXpress_078_232587302	IonXpress_078_232587302.consensus.fasta	H3N2	HA	A_HA_H3	1718	1355	898	1390	493	27.39	130	26.37	Excluir	No
IonXpress_078_232587302	IonXpress_078_232587302.consensus.fasta	H3N2	NA	A_NA_N2	1439	584	167	1229	1063	68.58	208	19.57	Dudosa	Sí
IonXpress_078_232600200	IonXpress_078_232600200.consensus.fasta	H1N1	HA	A_HA_H1	1752	127	54	1690	1637	90.94	12	0.73	Buena	Sí
IonXpress_078_232600200	IonXpress_078_232600200.consensus.fasta	H1N1	NA	A_NA_N1	1433	60	29	1401	1373	88.58	0	0.0	Aceptable	Sí
IonXpress_078_232606150	IonXpress_078_232606150.consensus.fasta	H1N1	HA	A_HA_H1	1752	95	35	1699	1665	92.5	8	0.48	Buena	Sí
IonXpress_078_232606150	IonXpress_078_232606150.consensus.fasta	H1N1	NA	A_NA_N1	1433	151	29	1406	1378	88.9	96	6.97	Dudosa	Sí
IonXpress_079_232568932	IonXpress_079_232568932.consensus.fasta	H1N1	HA	A_HA_H1	1752	112	38	1694	1657	92.06	17	1.03	Aceptable	Sí
IonXpress_079_232568932	IonXpress_079_232568932.consensus.fasta	H1N1	NA	A_NA_N1	1433	60	29	1401	1373	88.58	0	0.0	Aceptable	Sí
IonXpress_079_232575178	IonXpress_079_232575178.consensus.fasta	H1N1	HA	A_HA_H1	1752	102	35	1689	1655	91.94	5	0.3	Buena	Sí
IonXpress_079_232575178	IonXpress_079_232575178.consensus.fasta	H1N1	NA	A_NA_N1	1433	62	29	1401	1373	88.58	2	0.15	Aceptable	Sí
IonXpress_079_232581637	IonXpress_079_232581637.consensus.fasta	H3N2	HA	A_HA_H3	1718	1351	835	1285	451	25.06	84	18.63	Excluir	No
IonXpress_079_232581637	IonXpress_079_232581637.consensus.fasta	H3N2	NA	A_NA_N2	1439	1213	167	640	474	30.58	248	52.32	Excluir	No
IonXpress_079_232585968	IonXpress_079_232585968.consensus.fasta	H1N1	HA	A_HA_H1	1752	67	15	1699	1685	93.61	0	0.0	Buena	Sí
IonXpress_079_232585968	IonXpress_079_232585968.consensus.fasta	H1N1	NA	A_NA_N1	1433	60	29	1401	1373	88.58	0	0.0	Aceptable	Sí
IonXpress_079_232589581	IonXpress_079_232589581.consensus.fasta	H3N2	HA	A_HA_H3	1718	105	2	1689	1688	93.78	75	4.44	Aceptable	Sí
IonXpress_079_232589581	IonXpress_079_232589581.consensus.fasta	H3N2	NA	A_NA_N2	1439	115	45	1385	1341	86.52	17	1.27	Aceptable	Sí
IonXpress_079_232600202	IonXpress_079_232600202.consensus.fasta	H1N1	HA	A_HA_H1	1752	112	38	1694	1657	92.06	17	1.03	Aceptable	Sí
IonXpress_079_232600202	IonXpress_079_232600202.consensus.fasta	H1N1	NA	A_NA_N1	1433	60	29	1401	1373	88.58	0	0.0	Aceptable	Sí
IonXpress_079_232606453	IonXpress_079_232606453.consensus.fasta	H1N1	HA	A_HA_H1	1752	74	22	1699	1678	93.22	0	0.0	Buena	Sí
IonXpress_079_232606453	IonXpress_079_232606453.consensus.fasta	H1N1	NA	A_NA_N1	1433	147	29	1406	1378	88.9	92	6.68	Dudosa	Sí
IonXpress_080_232569629	IonXpress_080_232569629.consensus.fasta	H1N1	HA	A_HA_H1	1752	112	55	1694	1640	91.11	0	0.0	Buena	Sí
IonXpress_080_232569629	IonXpress_080_232569629.consensus.fasta	H1N1	NA	A_NA_N1	1433	57	29	1404	1376	88.77	0	0.0	Aceptable	Sí
IonXpress_080_232575181	IonXpress_080_232575181.consensus.fasta	H1N1	HA	A_HA_H1	1752	352	282	1689	1408	78.22	8	0.57	Dudosa	Sí
IonXpress_080_232575181	IonXpress_080_232575181.consensus.fasta	H1N1	NA	A_NA_N1	1433	85	39	1406	1368	88.26	20	1.46	Aceptable	Sí
IonXpress_080_232581656	IonXpress_080_232581656.consensus.fasta	H1N1	HA	A_HA_H1	1752	1330	356	992	637	35.39	215	33.75	Excluir	No
IonXpress_080_232581656	IonXpress_080_232581656.consensus.fasta	H1N1	NA	A_NA_N1	1433	1001	298	1220	923	59.55	491	53.2	Excluir	No
IonXpress_080_232584576	IonXpress_080_232584576.consensus.fasta	H1N1	HA	A_HA_H1	1752	148	85	1688	1604	89.11	0	0.0	Aceptable	Sí
IonXpress_080_232584576	IonXpress_080_232584576.consensus.fasta	H1N1	NA	A_NA_N1	1433	129	29	1401	1373	88.58	69	5.03	Dudosa	Sí
IonXpress_080_232586037	IonXpress_080_232586037.consensus.fasta	H3N2	HA	A_HA_H3	1718	30	2	1689	1688	93.78	0	0.0	Buena	Sí
IonXpress_080_232586037	IonXpress_080_232586037.consensus.fasta	H3N2	NA	A_NA_N2	1440	81	31	1389	1359	87.68	0	0.0	Aceptable	Sí
IonXpress_080_232590051	IonXpress_080_232590051.consensus.fasta	H3N2	HA	A_HA_H3	1718	31	2	1691	1690	93.89	3	0.18	Buena	Sí
IonXpress_080_232590051	IonXpress_080_232590051.consensus.fasta	H3N2	NA	A_NA_N2	1440	71	21	1389	1369	88.32	0	0.0	Aceptable	Sí
IonXpress_080_232600309	IonXpress_080_232600309.consensus.fasta	H1N1	HA	A_HA_H1	1752	112	55	1694	1640	91.11	0	0.0	Buena	Sí
IonXpress_080_232600309	IonXpress_080_232600309.consensus.fasta	H1N1	NA	A_NA_N1	1433	57	29	1404	1376	88.77	0	0.0	Aceptable	Sí
IonXpress_080_232606701	IonXpress_080_232606701.consensus.fasta	H3N2	HA	A_HA_H3	1718	1343	238	1406	1169	64.94	794	67.92	Excluir	No
IonXpress_080_232606701	IonXpress_080_232606701.consensus.fasta	H1N1	NA	A_NA_N1	1433	429	298	1399	1102	71.1	98	8.89	Dudosa	Sí
IonXpress_081_025720637	IonXpress_081_025720637.consensus.fasta	H1N1	HA	A_HA_H1	1752	223	159	1688	1530	85.0	1	0.07	Aceptable	Sí
IonXpress_081_025720637	IonXpress_081_025720637.consensus.fasta	H1N1	NA	A_NA_N1	1433	71	40	1401	1362	87.87	0	0.0	Aceptable	Sí
IonXpress_081_232569671	IonXpress_081_232569671.consensus.fasta	H3N2	HA	A_HA_H3	1718	298	128	1677	1550	86.11	130	8.39	Dudosa	Sí
IonXpress_081_232569671	IonXpress_081_232569671.consensus.fasta	H3N2	NA	A_NA_N2	1439	125	48	1384	1337	86.26	23	1.72	Aceptable	Sí
IonXpress_081_232575190	IonXpress_081_232575190.consensus.fasta	H1N1	HA	A_HA_H1	1752	352	283	1688	1406	78.11	6	0.43	Dudosa	Sí
IonXpress_081_232575190	IonXpress_081_232575190.consensus.fasta	H1N1	NA	A_NA_N1	1433	86	39	1399	1361	87.81	14	1.03	Aceptable	Sí
IonXpress_081_232581665	IonXpress_081_232581665.consensus.fasta	H1N1	HA	A_HA_H1	1752	1239	340	1040	701	38.94	188	26.82	Excluir	No
IonXpress_081_232581665	IonXpress_081_232581665.consensus.fasta	H1N1	NA	A_NA_N1	1433	863	456	1220	765	49.35	195	25.49	Excluir	No
IonXpress_081_232584596	IonXpress_081_232584596.consensus.fasta	H1N1	HA	A_HA_H1	1752	161	86	1689	1604	89.11	13	0.81	Aceptable	Sí
IonXpress_081_232584596	IonXpress_081_232584596.consensus.fasta	H1N1	NA	A_NA_N1	1433	133	102	1401	1300	83.87	0	0.0	Aceptable	Sí
IonXpress_081_232586184	IonXpress_081_232586184.consensus.fasta	H3N2	HA	A_HA_H3	1718	328	199	1677	1479	82.17	89	6.02	Dudosa	Sí
IonXpress_081_232586184	IonXpress_081_232586184.consensus.fasta	H3N2	NA	A_NA_N2	1439	228	167	1377	1211	78.13	0	0.0	Dudosa	Sí
IonXpress_081_232590092	IonXpress_081_232590092.consensus.fasta	H3N2	HA	A_HA_H3	1718	29	2	1690	1689	93.83	0	0.0	Buena	Sí
IonXpress_081_232590092	IonXpress_081_232590092.consensus.fasta	H3N2	NA	A_NA_N2	1439	82	32	1388	1357	87.55	0	0.0	Aceptable	Sí
IonXpress_081_232606997	IonXpress_081_232606997.consensus.fasta	H1N1	HA	A_HA_H1	1752	1172	308	1360	1053	58.5	473	44.92	Excluir	No
IonXpress_081_232606997	IonXpress_081_232606997.consensus.fasta	H1N1	NA	A_NA_N1	1433	170	39	1399	1361	87.81	98	7.2	Dudosa	Sí
IonXpress_082_232569760	IonXpress_082_232569760.consensus.fasta	H1N1	HA	A_HA_H1	1752	192	111	1694	1584	88.0	24	1.52	Aceptable	Sí
IonXpress_082_232569760	IonXpress_082_232569760.consensus.fasta	H1N1	NA	A_NA_N1	1433	70	39	1401	1363	87.94	0	0.0	Aceptable	Sí
IonXpress_082_232575248	IonXpress_082_232575248.consensus.fasta	H1N1	HA	A_HA_H1	1752	167	96	1689	1594	88.56	9	0.56	Aceptable	Sí
IonXpress_082_232575248	IonXpress_082_232575248.consensus.fasta	H1N1	NA	A_NA_N1	1433	70	39	1401	1363	87.94	0	0.0	Aceptable	Sí
IonXpress_082_232581678	IonXpress_082_232581678.consensus.fasta	H1N1	HA	A_HA_H1	1752	1683	895	963	69	3.83	0	0.0	Excluir	No
IonXpress_082_232581678	IonXpress_082_232581678.consensus.fasta	H1N1	NA	A_NA_N1	1433	1358	515	589	75	4.84	0	0.0	Excluir	No
IonXpress_082_232584604	IonXpress_082_232584604.consensus.fasta	H1N1	HA	A_HA_H1	1752	153	79	1694	1616	89.78	17	1.05	Aceptable	Sí
IonXpress_082_232584604	IonXpress_082_232584604.consensus.fasta	H1N1	NA	A_NA_N1	1433	157	29	1401	1373	88.58	97	7.06	Dudosa	Sí
IonXpress_082_232586185	IonXpress_082_232586185.consensus.fasta	H1N1	HA	A_HA_H1	1752	185	122	1688	1567	87.06	0	0.0	Aceptable	Sí
IonXpress_082_232586185	IonXpress_082_232586185.consensus.fasta	H1N1	NA	A_NA_N1	1433	72	39	1399	1361	87.81	0	0.0	Aceptable	Sí
IonXpress_082_232590175	IonXpress_082_232590175.consensus.fasta	H1N1	HA	A_HA_H1	1752	116	54	1689	1636	90.89	0	0.0	Buena	Sí
IonXpress_082_232590175	IonXpress_082_232590175.consensus.fasta	H1N1	NA	A_NA_N1	1433	156	29	1401	1373	88.58	96	6.99	Dudosa	Sí
IonXpress_082_232600391	IonXpress_082_232600391.consensus.fasta	H3N2	HA	A_HA_H3	1718	140	40	1689	1650	91.67	72	4.36	Aceptable	Sí
IonXpress_082_232600391	IonXpress_082_232600391.consensus.fasta	H3N2	NA	A_NA_N2	1439	104	48	1388	1341	86.52	6	0.45	Aceptable	Sí
IonXpress_082_232607264	IonXpress_082_232607264.consensus.fasta	H3N2	HA	A_HA_H3	1718	154	32	1689	1658	92.11	94	5.67	Dudosa	Sí
IonXpress_082_232607264	IonXpress_082_232607264.consensus.fasta	H3N2	NA	A_NA_N2	1439	111	48	1388	1341	86.52	13	0.97	Aceptable	Sí
IonXpress_083_232569809	IonXpress_083_232569809.consensus.fasta	H1N1	HA	A_HA_H1	1752	177	94	1688	1595	88.61	20	1.25	Aceptable	Sí
IonXpress_083_232569809	IonXpress_083_232569809.consensus.fasta	H1N1	NA	A_NA_N1	1433	87	39	1401	1363	87.94	17	1.25	Aceptable	Sí
IonXpress_083_232575270	IonXpress_083_232575270.consensus.fasta	H1N1	HA	A_HA_H1	1752	364	282	1688	1407	78.17	19	1.35	Dudosa	Sí
IonXpress_083_232575270	IonXpress_083_232575270.consensus.fasta	H1N1	NA	A_NA_N1	1433	60	29	1401	1373	88.58	0	0.0	Aceptable	Sí
IonXpress_083_232581922	IonXpress_083_232581922.consensus.fasta	H1N1	HA	A_HA_H1	1751	1162	337	1044	708	39.33	119	16.81	Excluir	No
IonXpress_083_232581922	IonXpress_083_232581922.consensus.fasta	H1N1	NA	A_NA_N1	1433	833	424	1220	797	51.42	197	24.72	Excluir	No
IonXpress_083_232584738	IonXpress_083_232584738.consensus.fasta	H1N1	HA	A_HA_H1	1752	856	249	1407	1159	64.39	263	22.69	Excluir	No
IonXpress_083_232584738	IonXpress_083_232584738.consensus.fasta	H1N1	NA	A_NA_N1	1433	1021	525	1212	688	44.39	276	40.12	Excluir	No
IonXpress_083_232586262	IonXpress_083_232586262.consensus.fasta	H1N1	HA	A_HA_H1	1752	87	35	1699	1665	92.5	0	0.0	Buena	Sí
IonXpress_083_232586262	IonXpress_083_232586262.consensus.fasta	H1N1	NA	A_NA_N1	1433	51	21	1402	1382	89.16	0	0.0	Aceptable	Sí
IonXpress_083_232590224	IonXpress_083_232590224.consensus.fasta	H3N2	HA	A_HA_H3	1718	36	14	1695	1682	93.44	0	0.0	Buena	Sí
IonXpress_083_232590224	IonXpress_083_232590224.consensus.fasta	H3N2	NA	A_NA_N2	1440	95	37	1389	1353	87.29	8	0.59	Aceptable	Sí
IonXpress_083_232600461	IonXpress_083_232600461.consensus.fasta	H1N1	HA	A_HA_H1	1752	181	96	1689	1594	88.56	23	1.44	Aceptable	Sí
IonXpress_083_232600461	IonXpress_083_232600461.consensus.fasta	H1N1	NA	A_NA_N1	1433	70	39	1401	1363	87.94	0	0.0	Aceptable	Sí
IonXpress_083_232607711	IonXpress_083_232607711.consensus.fasta	H1N1	HA	A_HA_H1	1752	220	140	1689	1550	86.11	18	1.16	Aceptable	Sí
IonXpress_083_232607711	IonXpress_083_232607711.consensus.fasta	H1N1	NA	A_NA_N1	1433	158	29	1401	1373	88.58	98	7.14	Dudosa	Sí
IonXpress_084_232575280	IonXpress_084_232575280.consensus.fasta	H1N1	HA	A_HA_H1	1752	290	219	1688	1470	81.67	8	0.54	Aceptable	Sí
IonXpress_084_232575280	IonXpress_084_232575280.consensus.fasta	H1N1	NA	A_NA_N1	1433	344	312	1400	1089	70.26	0	0.0	Dudosa	Sí
IonXpress_084_232582082	IonXpress_084_232582082.consensus.fasta	H3N2	HA	A_HA_H3	1718	986	149	1369	1221	67.83	489	40.05	Excluir	No
IonXpress_084_232582082	IonXpress_084_232582082.consensus.fasta	H3N2	NA	A_NA_N2	1439	830	157	1364	1208	77.94	599	49.59	Excluir	No
IonXpress_084_232584863	IonXpress_084_232584863.consensus.fasta	H3N2	HA	A_HA_H3	1718	69	33	1689	1657	92.06	8	0.48	Buena	Sí
IonXpress_084_232584863	IonXpress_084_232584863.consensus.fasta	H3N2	NA	A_NA_N2	1439	108	48	1378	1331	85.87	0	0.0	Aceptable	Sí
IonXpress_084_232586265	IonXpress_084_232586265.consensus.fasta	H3N2	HA	A_HA_H3	1718	164	21	1689	1669	92.72	115	6.89	Dudosa	Sí
IonXpress_084_232586265	IonXpress_084_232586265.consensus.fasta	H3N2	NA	A_NA_N2	1439	98	39	1388	1350	87.1	9	0.67	Aceptable	Sí
IonXpress_084_232590248	IonXpress_084_232590248.consensus.fasta	H3N2	HA	A_HA_H3	1718	115	21	1690	1670	92.78	67	4.01	Aceptable	Sí
IonXpress_084_232590248	IonXpress_084_232590248.consensus.fasta	H3N2	NA	A_NA_N2	1439	107	44	1388	1345	86.77	13	0.97	Aceptable	Sí
IonXpress_084_232600473	IonXpress_084_232600473.consensus.fasta	H3N2	HA	A_HA_H3	1718	141	39	1689	1651	91.72	74	4.48	Aceptable	Sí
IonXpress_084_232600473	IonXpress_084_232600473.consensus.fasta	H3N2	NA	A_NA_N2	1439	95	37	1388	1352	87.23	8	0.59	Aceptable	Sí
IonXpress_084_232607971	IonXpress_084_232607971.consensus.fasta	H1N1	HA	A_HA_H1	1752	944	404	1356	953	52.94	145	15.22	Excluir	No
IonXpress_084_232607971	IonXpress_084_232607971.consensus.fasta	H1N1	NA	A_NA_N1	1433	826	394	1220	827	53.35	220	26.6	Excluir	No
IonXpress_084_232669834	IonXpress_084_232669834.consensus.fasta	H1N1	HA	A_HA_H1	1752	1326	343	1356	1014	56.33	588	57.99	Excluir	No
IonXpress_084_232669834	IonXpress_084_232669834.consensus.fasta	H1N1	NA	A_NA_N1	1433	1376	726	1315	590	38.06	533	90.34	Excluir	No
IonXpress_085_232575286	IonXpress_085_232575286.consensus.fasta	H3N2	HA	A_HA_H3	1718	351	151	1689	1539	85.5	172	11.18	Dudosa	Sí
IonXpress_085_232575286	IonXpress_085_232575286.consensus.fasta	H3N2	NA	A_NA_N2	1439	223	157	1385	1229	79.29	13	1.06	Dudosa	Sí
IonXpress_085_232580481	IonXpress_085_232580481.consensus.fasta	H1N1	HA	A_HA_H1	1752	1401	364	1004	641	35.61	290	45.24	Excluir	No
IonXpress_085_232580481	IonXpress_085_232580481.consensus.fasta	H1N1	NA	A_NA_N1	1433	827	472	1220	749	48.32	143	19.09	Excluir	No
IonXpress_085_232584866	IonXpress_085_232584866.consensus.fasta	H3N2	HA	A_HA_H3	1718	556	207	1677	1471	81.72	309	21.01	Excluir	No
IonXpress_085_232584866	IonXpress_085_232584866.consensus.fasta	H3N2	NA	A_NA_N2	1439	263	167	1377	1211	78.13	35	2.89	Dudosa	Sí
IonXpress_085_232586266	IonXpress_085_232586266.consensus.fasta	H1N1	HA	A_HA_H1	1752	88	31	1694	1664	92.44	0	0.0	Buena	Sí
IonXpress_085_232586266	IonXpress_085_232586266.consensus.fasta	H1N1	NA	A_NA_N1	1433	43	15	1404	1390	89.68	0	0.0	Aceptable	Sí
IonXpress_085_232590262	IonXpress_085_232590262.consensus.fasta	H1N1	HA	A_HA_H1	1752	909	405	1356	952	52.89	109	11.45	Excluir	No
IonXpress_085_232590262	IonXpress_085_232590262.consensus.fasta	H1N1	NA	A_NA_N1	1433	890	312	1220	909	58.65	366	40.26	Excluir	No
IonXpress_085_232600524	IonXpress_085_232600524.consensus.fasta	H1N1	HA	A_HA_H1	1752	104	43	1690	1648	91.56	0	0.0	Buena	Sí
IonXpress_085_232600524	IonXpress_085_232600524.consensus.fasta	H1N1	NA	A_NA_N1	1433	58	29	1403	1375	88.71	0	0.0	Aceptable	Sí
IonXpress_085_232607987	IonXpress_085_232607987.consensus.fasta	H1N1	HA	A_HA_H1	1752	345	282	1688	1407	78.17	0	0.0	Dudosa	Sí
IonXpress_085_232607987	IonXpress_085_232607987.consensus.fasta	H1N1	NA	A_NA_N1	1433	107	39	1399	1361	87.81	35	2.57	Aceptable	Sí
IonXpress_086_232570240	IonXpress_086_232570240.consensus.fasta	H1N1	HA	A_HA_H1	1752	109	35	1699	1665	92.5	22	1.32	Aceptable	Sí
IonXpress_086_232570240	IonXpress_086_232570240.consensus.fasta	H1N1	NA	A_NA_N1	1433	118	87	1401	1315	84.84	0	0.0	Aceptable	Sí
IonXpress_086_232575616	IonXpress_086_232575616.consensus.fasta	H1N1	HA	A_HA_H1	1752	115	35	1689	1655	91.94	18	1.09	Aceptable	Sí
IonXpress_086_232575616	IonXpress_086_232575616.consensus.fasta	H1N1	NA	A_NA_N1	1433	62	29	1401	1373	88.58	2	0.15	Aceptable	Sí
IonXpress_086_232582581	IonXpress_086_232582581.consensus.fasta	H1N1	HA	A_HA_H1	1752	1091	303	1079	777	43.17	116	14.93	Excluir	No
IonXpress_086_232582581	IonXpress_086_232582581.consensus.fasta	H1N1	NA	A_NA_N1	1433	721	394	1270	877	56.58	165	18.81	Excluir	No
IonXpress_086_232584881	IonXpress_086_232584881.consensus.fasta	H3N2	HA	A_HA_H3	1718	225	101	1689	1589	88.28	96	6.04	Dudosa	Sí
IonXpress_086_232584881	IonXpress_086_232584881.consensus.fasta	H3N2	NA	A_NA_N2	1439	135	48	1377	1330	85.81	26	1.95	Aceptable	Sí
IonXpress_086_232586347	IonXpress_086_232586347.consensus.fasta	H1N1	HA	A_HA_H1	1752	353	283	1688	1406	78.11	7	0.5	Dudosa	Sí
IonXpress_086_232586347	IonXpress_086_232586347.consensus.fasta	H1N1	NA	A_NA_N1	1433	62	30	1400	1371	88.45	0	0.0	Aceptable	Sí
IonXpress_086_232590407	IonXpress_086_232590407.consensus.fasta	H1N1	HA	A_HA_H1	1752	95	43	1699	1657	92.06	0	0.0	Buena	Sí
IonXpress_086_232590407	IonXpress_086_232590407.consensus.fasta	H1N1	NA	A_NA_N1	1433	41	15	1406	1392	89.81	0	0.0	Aceptable	Sí
IonXpress_086_232600535	IonXpress_086_232600535.consensus.fasta	H3N2	HA	A_HA_H3	1718	21	2	1698	1697	94.28	0	0.0	Buena	Sí
IonXpress_086_232600535	IonXpress_086_232600535.consensus.fasta	H3N2	NA	A_NA_N2	1439	86	36	1388	1353	87.29	0	0.0	Aceptable	Sí
IonXpress_086_232608277	IonXpress_086_232608277.consensus.fasta	H3N2	HA	A_HA_H3	1718	678	161	1677	1517	84.28	477	31.44	Excluir	No
IonXpress_086_232608277	IonXpress_086_232608277.consensus.fasta	H3N2	NA	A_NA_N2	1439	251	167	1377	1211	78.13	23	1.9	Dudosa	Sí
IonXpress_087_232570440	IonXpress_087_232570440.consensus.fasta	H1N1	HA	A_HA_H1	1752	329	245	1688	1444	80.22	21	1.45	Aceptable	Sí
IonXpress_087_232570440	IonXpress_087_232570440.consensus.fasta	H1N1	NA	A_NA_N1	1433	158	29	1401	1373	88.58	98	7.14	Dudosa	Sí
IonXpress_087_232575621	IonXpress_087_232575621.consensus.fasta	H1N1	HA	A_HA_H1	1752	344	283	1690	1408	78.22	0	0.0	Dudosa	Sí
IonXpress_087_232575621	IonXpress_087_232575621.consensus.fasta	H1N1	NA	A_NA_N1	1433	60	29	1401	1373	88.58	0	0.0	Aceptable	Sí
IonXpress_087_232582612	IonXpress_087_232582612.consensus.fasta	H3N2	HA	A_HA_H3	1718	1004	151	1333	1183	65.72	469	39.64	Excluir	No
IonXpress_087_232582612	IonXpress_087_232582612.consensus.fasta	H3N2	NA	A_NA_N2	1301	863	157	1239	1083	69.87	645	59.56	Excluir	No
IonXpress_087_232585254	IonXpress_087_232585254.consensus.fasta	H1N1	HA	A_HA_H1	1752	142	78	1699	1622	90.11	12	0.74	Buena	Sí
IonXpress_087_232585254	IonXpress_087_232585254.consensus.fasta	H1N1	NA	A_NA_N1	1433	69	39	1402	1364	88.0	0	0.0	Aceptable	Sí
IonXpress_087_232586430	IonXpress_087_232586430.consensus.fasta	H1N1	HA	A_HA_H1	1752	83	31	1699	1669	92.72	0	0.0	Buena	Sí
IonXpress_087_232586430	IonXpress_087_232586430.consensus.fasta	H1N1	NA	A_NA_N1	1433	45	19	1406	1388	89.55	0	0.0	Aceptable	Sí
IonXpress_087_232590591	IonXpress_087_232590591.consensus.fasta	H1N1	HA	A_HA_H1	1752	103	39	1699	1661	92.28	12	0.72	Buena	Sí
IonXpress_087_232590591	IonXpress_087_232590591.consensus.fasta	H1N1	NA	A_NA_N1	1433	56	27	1403	1377	88.84	0	0.0	Aceptable	Sí
IonXpress_087_232600538	IonXpress_087_232600538.consensus.fasta	H3N2	HA	A_HA_H3	1718	147	28	1689	1662	92.33	91	5.48	Dudosa	Sí
IonXpress_087_232600538	IonXpress_087_232600538.consensus.fasta	H3N2	NA	A_NA_N2	1439	107	48	1388	1341	86.52	9	0.67	Aceptable	Sí
IonXpress_087_232608523	IonXpress_087_232608523.consensus.fasta	H1N1	HA	A_HA_H1	1752	138	72	1699	1628	90.44	14	0.86	Buena	Sí
IonXpress_087_232608523	IonXpress_087_232608523.consensus.fasta	H1N1	NA	A_NA_N1	1433	153	29	1404	1376	88.77	96	6.98	Dudosa	Sí
IonXpress_088_232570914	IonXpress_088_232570914.consensus.fasta	H3N2	HA	A_HA_H3	1718	264	37	1595	1559	86.61	105	6.74	Dudosa	Sí
IonXpress_088_232570914	IonXpress_088_232570914.consensus.fasta	H3N2	NA	A_NA_N2	1439	189	36	1385	1350	87.1	100	7.41	Dudosa	Sí
IonXpress_088_232575641	IonXpress_088_232575641.consensus.fasta	H1N1	HA	A_HA_H1	1752	67	15	1699	1685	93.61	0	0.0	Buena	Sí
IonXpress_088_232575641	IonXpress_088_232575641.consensus.fasta	H1N1	NA	A_NA_N1	1433	55	29	1406	1378	88.9	0	0.0	Aceptable	Sí
IonXpress_088_232582617	IonXpress_088_232582617.consensus.fasta	H1N1	HA	A_HA_H1	1752	1501	405	655	251	13.94	0	0.0	Excluir	No
IonXpress_088_232582617	IonXpress_088_232582617.consensus.fasta	H1N1	NA	A_NA_N1	1433	977	753	1220	468	30.19	12	2.56	Excluir	No
IonXpress_088_232585268	IonXpress_088_232585268.consensus.fasta	H3N2	HA	A_HA_H3	1718	125	23	1690	1668	92.67	75	4.5	Aceptable	Sí
IonXpress_088_232585268	IonXpress_088_232585268.consensus.fasta	H3N2	NA	A_NA_N2	1440	93	40	1386	1347	86.9	0	0.0	Aceptable	Sí
IonXpress_088_232586449	IonXpress_088_232586449.consensus.fasta	H3N2	HA	A_HA_H3	1718	22	2	1697	1696	94.22	0	0.0	Buena	Sí
IonXpress_088_232586449	IonXpress_088_232586449.consensus.fasta	H3N2	NA	A_NA_N2	1439	46	2	1394	1393	89.87	0	0.0	Aceptable	Sí
IonXpress_088_232600623	IonXpress_088_232600623.consensus.fasta	H3N2	HA	A_HA_H3	1718	41	13	1689	1677	93.17	0	0.0	Buena	Sí
IonXpress_088_232600623	IonXpress_088_232600623.consensus.fasta	H3N2	NA	A_NA_N2	1439	78	29	1389	1361	87.81	0	0.0	Aceptable	Sí
IonXpress_088_232608703	IonXpress_088_232608703.consensus.fasta	H3N2	HA	A_HA_H3	1718	93	2	1689	1688	93.78	63	3.73	Aceptable	Sí
IonXpress_088_232608703	IonXpress_088_232608703.consensus.fasta	H3N2	NA	A_NA_N2	1439	83	37	1392	1356	87.48	0	0.0	Aceptable	Sí
IonXpress_089_232571343	IonXpress_089_232571343.consensus.fasta	H1N1	HA	A_HA_H1	1752	241	171	1699	1529	84.94	18	1.18	Aceptable	Sí
IonXpress_089_232571343	IonXpress_089_232571343.consensus.fasta	H1N1	NA	A_NA_N1	1433	90	39	1401	1363	87.94	20	1.47	Aceptable	Sí
IonXpress_089_232575649	IonXpress_089_232575649.consensus.fasta	H3N2	HA	A_HA_H3	1718	50	17	1689	1673	92.94	5	0.3	Buena	Sí
IonXpress_089_232575649	IonXpress_089_232575649.consensus.fasta	H3N2	NA	A_NA_N2	1439	93	43	1388	1346	86.84	0	0.0	Aceptable	Sí
IonXpress_089_232582696	IonXpress_089_232582696.consensus.fasta	H1N1	HA	A_HA_H1	1752	1668	594	1329	736	40.89	652	88.59	Excluir	No
IonXpress_089_232582696	IonXpress_089_232582696.consensus.fasta	H1N1	NA	A_NA_N1	1433	1322	969	1399	431	27.81	320	74.25	Excluir	No
IonXpress_089_232585398	IonXpress_089_232585398.consensus.fasta	H3N2	HA	A_HA_H3	1717	368	101	1528	1428	79.33	79	5.53	Dudosa	Sí
IonXpress_089_232585398	IonXpress_089_232585398.consensus.fasta	H3N2	NA	A_NA_N2	1439	215	154	1377	1224	78.97	0	0.0	Dudosa	Sí
IonXpress_089_232586540	IonXpress_089_232586540.consensus.fasta	H3N2	HA	A_HA_H3	1718	126	21	1689	1669	92.72	77	4.61	Aceptable	Sí
IonXpress_089_232586540	IonXpress_089_232586540.consensus.fasta	H3N2	NA	A_NA_N2	1439	113	48	1385	1338	86.32	12	0.9	Aceptable	Sí
IonXpress_089_232590630	IonXpress_089_232590630.consensus.fasta	H1N1	HA	A_HA_H1	1752	112	35	1690	1656	92.0	16	0.97	Buena	Sí
IonXpress_089_232590630	IonXpress_089_232590630.consensus.fasta	H1N1	NA	A_NA_N1	1433	55	29	1406	1378	88.9	0	0.0	Aceptable	Sí
IonXpress_089_232600628	IonXpress_089_232600628.consensus.fasta	H3N2	HA	A_HA_H3	1718	150	33	1689	1657	92.06	89	5.37	Dudosa	Sí
IonXpress_089_232600628	IonXpress_089_232600628.consensus.fasta	H3N2	NA	A_NA_N2	1439	94	35	1385	1351	87.16	6	0.44	Aceptable	Sí
IonXpress_089_232612987	IonXpress_089_232612987.consensus.fasta	H1N1	HA	A_HA_H1	1752	87	35	1699	1665	92.5	0	0.0	Buena	Sí
IonXpress_089_232612987	IonXpress_089_232612987.consensus.fasta	H1N1	NA	A_NA_N1	1433	60	29	1401	1373	88.58	0	0.0	Aceptable	Sí
IonXpress_090_232571430	IonXpress_090_232571430.consensus.fasta	H1N1	HA	A_HA_H1	1752	235	171	1699	1529	84.94	12	0.78	Aceptable	Sí
IonXpress_090_232571430	IonXpress_090_232571430.consensus.fasta	H1N1	NA	A_NA_N1	1433	88	39	1403	1365	88.06	20	1.47	Aceptable	Sí
IonXpress_090_232575651	IonXpress_090_232575651.consensus.fasta	H1N1	HA	A_HA_H1	1752	354	283	1688	1406	78.11	8	0.57	Dudosa	Sí
IonXpress_090_232575651	IonXpress_090_232575651.consensus.fasta	H1N1	NA	A_NA_N1	1433	169	29	1401	1373	88.58	109	7.94	Dudosa	Sí
IonXpress_090_232582696	IonXpress_090_232582696.consensus.fasta	H3N2	HA	A_HA_H3	1718	1718			0	0	0	100	Excluir	No
IonXpress_090_232582696	IonXpress_090_232582696.consensus.fasta	H1N1	NA	A_NA_N1	1433	1413	1032	1051	20	1.29	0	0.0	Excluir	No
IonXpress_090_232585591	IonXpress_090_232585591.consensus.fasta	H3N2	HA	A_HA_H3	1718	743	142	1443	1302	72.33	327	25.12	Excluir	No
IonXpress_090_232585591	IonXpress_090_232585591.consensus.fasta	H3N2	NA	A_NA_N2	1439	347	154	1377	1224	78.97	132	10.78	Dudosa	Sí
IonXpress_090_232586597	IonXpress_090_232586597.consensus.fasta	H1N1	HA	A_HA_H1	1752	233	172	1690	1519	84.39	0	0.0	Aceptable	Sí
IonXpress_090_232586597	IonXpress_090_232586597.consensus.fasta	H1N1	NA	A_NA_N1	1433	168	29	1401	1373	88.58	108	7.87	Dudosa	Sí
IonXpress_090_232590650	IonXpress_090_232590650.consensus.fasta	H3N2	HA	A_HA_H3	1718	23	2	1707	1706	94.78	11	0.64	Buena	Sí
IonXpress_090_232590650	IonXpress_090_232590650.consensus.fasta	H3N2	NA	A_NA_N2	1439	77	27	1388	1362	87.87	0	0.0	Aceptable	Sí
IonXpress_090_232600698	IonXpress_090_232600698.consensus.fasta	H1N1	HA	A_HA_H1	1752	171	92	1689	1598	88.78	17	1.06	Aceptable	Sí
IonXpress_090_232600698	IonXpress_090_232600698.consensus.fasta	H1N1	NA	A_NA_N1	1433	155	29	1402	1374	88.65	96	6.99	Dudosa	Sí
IonXpress_090_232612989	IonXpress_090_232612989.consensus.fasta	H1N1	HA	A_HA_H5	1704	1534	994	1163	170	9.44	0	0.0	Excluir	No
IonXpress_090_232612989	IonXpress_090_232612989.consensus.fasta	H1N1	NA	A_NA_N1	1433	843	298	1220	923	59.55	333	36.08	Excluir	No
IonXpress_091_232571889	IonXpress_091_232571889.consensus.fasta	H1N1	HA	A_HA_H1	1756	358	283	1693	1411	78.39	13	0.92	Dudosa	Sí
IonXpress_091_232571889	IonXpress_091_232571889.consensus.fasta	H1N1	NA	A_NA_N1	1433	59	29	1405	1377	88.84	3	0.22	Aceptable	Sí
IonXpress_091_232575655	IonXpress_091_232575655.consensus.fasta	H1N1	HA	A_HA_H1	1752	104	35	1694	1660	92.22	12	0.72	Buena	Sí
IonXpress_091_232575655	IonXpress_091_232575655.consensus.fasta	H1N1	NA	A_NA_N1	1433	59	29	1402	1374	88.65	0	0.0	Aceptable	Sí
IonXpress_091_232582700	IonXpress_091_232582700.consensus.fasta	H1N1	HA	A_HA_H1	1752	1339	331	1041	711	39.5	298	41.91	Excluir	No
IonXpress_091_232582700	IonXpress_091_232582700.consensus.fasta	H1N1	NA	A_NA_N1	1433	1028	483	1220	738	47.61	333	45.12	Excluir	No
IonXpress_091_232585633	IonXpress_091_232585633.consensus.fasta	H3N2	HA	A_HA_H3	1718	837	156	1453	1298	72.11	417	32.13	Excluir	No
IonXpress_091_232585633	IonXpress_091_232585633.consensus.fasta	H3N2	NA	A_NA_N2	1439	279	154	1365	1212	78.19	52	4.29	Dudosa	Sí
IonXpress_091_232586892	IonXpress_091_232586892.consensus.fasta	H1N1	HA	A_HA_H1	1752	238	159	1690	1532	85.11	18	1.17	Aceptable	Sí
IonXpress_091_232586892	IonXpress_091_232586892.consensus.fasta	H1N1	NA	A_NA_N1	1433	152	29	1402	1374	88.65	93	6.77	Dudosa	Sí
IonXpress_091_232590913	IonXpress_091_232590913.consensus.fasta	H1N1	HA	A_HA_H1	1752	112	51	1690	1640	91.11	0	0.0	Buena	Sí
IonXpress_091_232590913	IonXpress_091_232590913.consensus.fasta	H1N1	NA	A_NA_N1	1433	59	29	1402	1374	88.65	0	0.0	Aceptable	Sí
IonXpress_091_232600710	IonXpress_091_232600710.consensus.fasta	H3N2	HA	A_HA_H3	1718	41	18	1701	1684	93.56	7	0.42	Buena	Sí
IonXpress_091_232600710	IonXpress_091_232600710.consensus.fasta	H3N2	NA	A_NA_N2	1439	106	48	1388	1341	86.52	8	0.6	Aceptable	Sí
IonXpress_091_232612990	IonXpress_091_232612990.consensus.fasta	H3N2	HA	A_HA_H3	1718	70	2	1689	1688	93.78	40	2.37	Aceptable	Sí
IonXpress_091_232612990	IonXpress_091_232612990.consensus.fasta	H3N2	NA	A_NA_N2	1439	88	35	1385	1351	87.16	0	0.0	Aceptable	Sí
IonXpress_092_232571922	IonXpress_092_232571922.consensus.fasta	H1N1	HA	A_HA_H1	1752	149	63	1688	1626	90.33	23	1.41	Aceptable	Sí
IonXpress_092_232571922	IonXpress_092_232571922.consensus.fasta	H1N1	NA	A_NA_N1	1433	60	29	1401	1373	88.58	0	0.0	Aceptable	Sí
IonXpress_092_232582712	IonXpress_092_232582712.consensus.fasta	H3N2	HA	A_HA_H3	1721	874	151	1372	1222	67.89	375	30.69	Excluir	No
IonXpress_092_232582712	IonXpress_092_232582712.consensus.fasta	H3N2	NA	A_NA_N2	1439	724	154	1377	1224	78.97	509	41.58	Excluir	No
IonXpress_092_232585735	IonXpress_092_232585735.consensus.fasta	H1N1	HA	A_HA_H1	1752	168	80	1688	1609	89.39	25	1.55	Aceptable	Sí
IonXpress_092_232585735	IonXpress_092_232585735.consensus.fasta	H1N1	NA	A_NA_N1	1433	180	147	1399	1253	80.84	0	0.0	Aceptable	Sí
IonXpress_092_232587060	IonXpress_092_232587060.consensus.fasta	H1N1	HA	A_HA_H1	1752	156	80	1694	1615	89.72	19	1.18	Aceptable	Sí
IonXpress_092_232587060	IonXpress_092_232587060.consensus.fasta	H1N1	NA	A_NA_N1	1433	146	18	1401	1384	89.29	97	7.01	Dudosa	Sí
IonXpress_092_232600024	IonXpress_092_232600024.consensus.fasta	H3N2	HA	A_HA_H3	1718	387	276	1689	1414	78.56	83	5.87	Dudosa	Sí
IonXpress_092_232600024	IonXpress_092_232600024.consensus.fasta	H3N2	NA	A_NA_N2	1439	188	124	1385	1262	81.42	11	0.87	Aceptable	Sí
IonXpress_092_232600784	IonXpress_092_232600784.consensus.fasta	H3N2	HA	A_HA_H3	1718	120	21	1689	1669	92.72	71	4.25	Aceptable	Sí
IonXpress_092_232600784	IonXpress_092_232600784.consensus.fasta	H3N2	NA	A_NA_N2	1439	94	37	1389	1353	87.29	8	0.59	Aceptable	Sí
IonXpress_092_232612991	IonXpress_092_232612991.consensus.fasta	H1N1	HA	A_HA_H1	1752	156	87	1699	1613	89.61	17	1.05	Aceptable	Sí
IonXpress_092_232612991	IonXpress_092_232612991.consensus.fasta	H1N1	NA	A_NA_N1	1433	136	29	1402	1374	88.65	77	5.6	Dudosa	Sí
IonXpress_093_232571978	IonXpress_093_232571978.consensus.fasta	H1N1	HA	A_HA_H1	1752	244	157	1688	1532	85.11	24	1.57	Aceptable	Sí
IonXpress_093_232571978	IonXpress_093_232571978.consensus.fasta	H1N1	NA	A_NA_N1	1433	254	203	1401	1199	77.35	20	1.67	Dudosa	Sí
IonXpress_093_232575684	IonXpress_093_232575684.consensus.fasta	H3N2	HA	A_HA_H3	1718	160	32	1689	1658	92.11	100	6.03	Dudosa	Sí
IonXpress_093_232575684	IonXpress_093_232575684.consensus.fasta	H3N2	NA	A_NA_N2	1439	99	37	1385	1349	87.03	9	0.67	Aceptable	Sí
IonXpress_093_232585766	IonXpress_093_232585766.consensus.fasta	H3N2	HA	A_HA_H3	1718	95	55	1677	1623	90.17	0	0.0	Buena	Sí
IonXpress_093_232585766	IonXpress_093_232585766.consensus.fasta	H3N2	NA	A_NA_N2	1439	186	126	1378	1253	80.84	0	0.0	Aceptable	Sí
IonXpress_093_232587086	IonXpress_093_232587086.consensus.fasta	H1N1	HA	A_HA_H1	1752	91	34	1694	1661	92.28	0	0.0	Buena	Sí
IonXpress_093_232587086	IonXpress_093_232587086.consensus.fasta	H1N1	NA	A_NA_N1	1433	46	18	1404	1387	89.48	0	0.0	Aceptable	Sí
IonXpress_093_232600042	IonXpress_093_232600042.consensus.fasta	H3N2	HA	A_HA_H3	1718	277	141	1689	1549	86.06	108	6.97	Dudosa	Sí
IonXpress_093_232600042	IonXpress_093_232600042.consensus.fasta	H3N2	NA	A_NA_N2	1439	226	154	1385	1232	79.48	19	1.54	Dudosa	Sí
IonXpress_093_232600792	IonXpress_093_232600792.consensus.fasta	H3N2	HA	A_HA_H3	1718	143	32	1689	1658	92.11	83	5.01	Dudosa	Sí
IonXpress_093_232600792	IonXpress_093_232600792.consensus.fasta	H3N2	NA	A_NA_N2	1439	120	48	1385	1338	86.32	19	1.42	Aceptable	Sí
IonXpress_093_232612992	IonXpress_093_232612992.consensus.fasta	H1N1	HA	A_HA_H5	1704	1021	333	1598	1266	70.33	583	46.05	Excluir	No
IonXpress_093_232612992	IonXpress_093_232612992.consensus.fasta	H1N1	NA	A_NA_N1	1433	729	311	1220	910	58.71	206	22.64	Excluir	No
IonXpress_094_232572106	IonXpress_094_232572106.consensus.fasta	H1N1	HA	A_HA_H1	1752	241	155	1688	1534	85.22	23	1.5	Aceptable	Sí
IonXpress_094_232572106	IonXpress_094_232572106.consensus.fasta	H1N1	NA	A_NA_N1	1433	415	384	1401	1018	65.68	0	0.0	Dudosa	Sí
IonXpress_094_232575901	IonXpress_094_232575901.consensus.fasta	H1N1	HA	A_HA_H1	1752	106	35	1694	1660	92.22	14	0.84	Buena	Sí
IonXpress_094_232575901	IonXpress_094_232575901.consensus.fasta	H1N1	NA	A_NA_N1	1433	58	29	1403	1375	88.71	0	0.0	Aceptable	Sí
IonXpress_094_232585825	IonXpress_094_232585825.consensus.fasta	H1N1	HA	A_HA_H1	1752	246	159	1688	1530	85.0	24	1.57	Aceptable	Sí
IonXpress_094_232585825	IonXpress_094_232585825.consensus.fasta	H1N1	NA	A_NA_N1	1433	189	158	1401	1244	80.26	0	0.0	Aceptable	Sí
IonXpress_094_232587142	IonXpress_094_232587142.consensus.fasta	H3N2	HA	A_HA_H3	1718	974	277	1448	1172	65.11	428	36.52	Excluir	No
IonXpress_094_232587142	IonXpress_094_232587142.consensus.fasta	H3N2	NA	A_NA_N2	1439	1090	167	775	609	39.29	260	42.69	Excluir	No
IonXpress_094_232600915	IonXpress_094_232600915.consensus.fasta	H1N1	HA	A_HA_H1	1752	87	23	1699	1677	93.17	12	0.72	Buena	Sí
IonXpress_094_232600915	IonXpress_094_232600915.consensus.fasta	H1N1	NA	A_NA_N1	1433	55	27	1404	1378	88.9	0	0.0	Aceptable	Sí
IonXpress_094_232612994	IonXpress_094_232612994.consensus.fasta	H3N2	HA	A_HA_H3	1718	101	31	1689	1659	92.17	42	2.53	Aceptable	Sí
IonXpress_094_232612994	IonXpress_094_232612994.consensus.fasta	H3N2	NA	A_NA_N2	1439	97	47	1388	1342	86.58	0	0.0	Aceptable	Sí
